acc,acc_last_visited
adm,adm_update_skill_status
adm,adm_update_skill_tables
administration,adm_external_setting_prefix
administration,adm_objects
administration,adm_repository_cache_time
administration,adm_repository_cache_time_info
administration,adm_repository_cache_time_info2
administration,adm_services
administration,adm_synchronize_rep_tree
administration,adm_synchronize_rep_tree_info
administration,adm_users
administration,analyzing
administration,check_tree
administration,check_tree_desc
administration,confirm_message_course_export
administration,feedback_recipient_info
administration,forum_settings
administration,language_administration
administration,language_delete_local_changes
administration,language_error_write_local
administration,language_note_save_local
administration,language_saved_local
administration,language_scope_translate
administration,language_translation_disabled
administration,language_translation_mode
administration,passwd_auto_generate
administration,scan_completed
administration,stop_scan
assessment,0_unlimited
assessment,add_answer
assessment,add_answer_tf
assessment,add_answer_yn
assessment,add_applet_parameter
assessment,add_area
assessment,add_gap
assessment,add_matching_pair
assessment,add_new_question
assessment,add_questionpool
assessment,add_solution
assessment,adm_categories
assessment,all_units
assessment,answer_picture
assessment,applet_new_parameter
assessment,ass_create_archive_export
assessment,ass_export_files
assessment,ass_file
assessment,ass_lac_answer_index_not_exist
assessment,ass_lac_answer_index_not_exist_cur_qst
assessment,ass_lac_answer_value_not_exists
assessment,ass_lac_answer_value_not_exists_cur_qst
assessment,ass_lac_answer_value_not_exists_cur_qst_one_answer
assessment,ass_lac_answer_value_not_exists_one_answer
assessment,ass_lac_duplicate_element
assessment,ass_lac_expression_not_supported
assessment,ass_lac_expression_not_supported_by_cur_question
assessment,ass_lac_expression_not_supported_by_question
assessment,ass_lac_invalid_statement
assessment,ass_lac_missing_bracket
assessment,ass_lac_operator_not_supported
assessment,ass_lac_operator_not_supported_by_expression
assessment,ass_lac_question_not_exist
assessment,ass_lac_question_not_reachable
assessment,ass_size
assessment,assessment_eval_settings
assessment,available_points
assessment,available_terms
assessment,cannot_export_qpl
assessment,cannot_export_test
assessment,cannot_maintain_test
survey,cannot_read_questionpool
survey,cannot_save_metaobject
assessment,change_adm_units_not_allowed
assessment,change_solution
assessment,changelog_description
assessment,changelog_heading
assessment,cloze_textgap_rating
assessment,correct_solution_is
assessment,create_imagemap
assessment,custom_categories
assessment,customstyle_description
assessment,delete_area
assessment,delete_image
assessment,detailed_output
assessment,disable_javascript
assessment,ects_fill_out_all_values
assessment,ects_grade_b
assessment,ects_grade_c
assessment,ects_grade_d
assessment,ects_grade_e
assessment,ects_grade_f_short
assessment,ects_grade_fx_short
assessment,ects_range_error_a
assessment,ects_range_error_b
assessment,ects_range_error_c
assessment,ects_range_error_d
assessment,ects_range_error_e
assessment,empty_term_message
assessment,empty_terms_exist
assessment,enable_javascript
assessment,ending_time_reached
assessment,err_duplicate_variables
assessment,err_no_max_range
assessment,err_no_max_range_number
assessment,err_no_min_range
assessment,err_no_min_range_number
assessment,err_no_precision
assessment,err_no_unitname
assessment,err_tolerance_wrong_value
assessment,err_wrong_points
assessment,err_wrong_precision
assessment,err_wrong_unitfactor
assessment,error_cloze_not_numeric
assessment,error_duplicate_term
assessment,error_image_upload_copy_file
assessment,error_image_upload_wrong_format
survey,error_importing_question
assessment,error_no_lower_limit
assessment,error_no_upper_limit
assessment,error_open_java_file
assessment,error_save_image_file
assessment,esusay_scoring_mode_keyword_relation_any_desc
assessment,eval_choice_result
assessment,eval_cloze_result
assessment,eval_concatenation
assessment,eval_data
assessment,eval_found_selected_groups
assessment,eval_found_selected_users
assessment,eval_imagemap_result
assessment,eval_java_result
survey,eval_legend_link
assessment,eval_matching_result
assessment,eval_order_result
assessment,eval_search_groups
assessment,eval_search_roles
assessment,eval_search_term
assessment,eval_search_users
assessment,eval_search_userselection
assessment,eval_selected_users
assessment,externalscript_additional_parameters
assessment,externalscript_additional_parameters_hint
assessment,externalscript_use_kvc
assessment,fill_out_all_answer_fields
assessment,fill_out_all_matching_pairs
assessment,fill_out_all_required_fields_add_matching
assessment,fill_out_all_required_fields_create_gaps
assessment,fill_out_all_required_fields_upload_image
assessment,fill_out_all_required_fields_upload_imagemap
assessment,fill_out_all_required_fields_upload_material
survey,filter_show_question_types
survey,filter_show_questionpools
assessment,filter_users
assessment,forcejs_desc
assessment,forcejs_short
assessment,gap_definition
assessment,gap_selection
assessment,graphical_answers
assessment,graphical_answers_hide
assessment,graphical_answers_show
assessment,imagemap_file
assessment,imagemap_source
assessment,import_errors_qti
assessment,internal_links_update
assessment,intro_desc
assessment,keywords_hint
assessment,log_random_question_pool_added
assessment,log_random_question_pool_deleted
assessment,log_total_amount_of_questions
assessment,log_user_data_removed
assessment,manscoring_pending
assessment,manscoring_select_user
assessment,match_terms_and_definitions
assessment,match_terms_and_pictures
assessment,matching_pair
assessment,matching_question_javascript_hint
assessment,matching_shuffle_pictures
assessment,matching_shuffle_terms_pictures
assessment,material_download
survey,material_file
assessment,meaning
assessment,msg_question_count_too_low
assessment,msg_total_questions_too_high
assessment,multiline_answers_hide
assessment,multiline_answers_show
assessment,multiline_terms_hide
assessment,multiline_terms_show
assessment,negative_points_not_allowed
assessment,new_test_created
survey,next_question_rows
assessment,no_archive_on_anonymous
assessment,no_terms_message
survey,no_user_or_group_selected
assessment,online_exam_show_answer_print_sheet
assessment,online_exam_show_finish_test
assessment,optional_keywords
assessment,ordering_question_javascript_hint
assessment,participants_data
assessment,participants_evaluation
assessment,participants_invitation_search_introduction
assessment,percentage_solved
assessment,postpone_status
survey,previous_question_rows
assessment,print_answers
assessment,qpl_answertext_fields_not_filled
assessment,qpl_assessment_of_questions
assessment,qpl_delete_describe_undeleteable_questions
assessment,qpl_delete_no_deleteable_questions
survey,qpl_delete_rbac_error
assessment,qpl_display_fullsize_image
assessment,qpl_edit_rbac_error
assessment,qpl_edit_select_multiple
assessment,qpl_edit_select_none
assessment,qpl_general_properties
assessment,qpl_lac_desc_res_of_answ_m_of_quest_n
assessment,qpl_lac_desc_res_of_quest_n
assessment,qpl_qst_formulaquestion_00_no_category
assessment,qpl_select_file_for_import
assessment,qst_hint_self
assessment,qt_multiple_choice
survey,question_saved_for_upload
assessment,question_short
assessment,radio_set
assessment,radio_unset
assessment,redirect_none
assessment,report_date_not_reached
assessment,resize_images
assessment,result_successful_saved
assessment,result_unsuccessful_saved
assessment,save_before_upload_imagemap
assessment,save_before_upload_javaapplet
assessment,save_edit
assessment,save_text_answer_points
assessment,search_found_groups
assessment,search_found_users
assessment,see_details_for_further_information
assessment,select_an_answer
assessment,select_one_submitted_test
assessment,select_qpl_option
assessment,select_tst_option
assessment,selected_image
assessment,selected_unit
common,set_edit_mode
survey,set_filter
assessment,solution_may_contain_keywords
assessment,solution_order
assessment,starting_time_not_reached
assessment,step_dim_max
assessment,step_dim_min
assessment,symbol
assessment,test_cancelled
assessment,test_enable_archiving_desc
assessment,test_enable_view_both
assessment,test_enable_view_express
assessment,test_enable_view_table
assessment,test_enable_views
assessment,test_reference
assessment,text_answers_saved
assessment,too_many_empty_parameters
assessment,tst_allow_instant_verification
assessment,tst_already_taken
assessment,tst_answer_sheet
assessment,tst_availability_limitless_info
assessment,tst_availability_until_info
assessment,tst_back_dyn_test_with_cur_quest_sel
assessment,tst_beginning_ending_information
assessment,tst_confirm_delete_results
assessment,tst_confirm_delete_results_info
assessment,tst_confirm_print
assessment,tst_defaults_dont_use
assessment,tst_delete_all_user_data
assessment,tst_delete_results
assessment,tst_eval_no_anonymous_aggregation
assessment,tst_eval_user_answer
assessment,tst_express_allow_question_pool
assessment,tst_express_allow_question_pool_description
assessment,tst_extratime_nodata
assessment,tst_fixed_participants_data_exists
assessment,tst_fixed_participants_disable
assessment,tst_fixed_participants_disable_description
assessment,tst_fixed_participating_users
assessment,tst_generate_xls
assessment,tst_hide_previous_results
assessment,tst_hide_previous_results_description
assessment,tst_hide_previous_results_hide
assessment,tst_hide_previous_results_introduction
assessment,tst_in_use_edit_questions_disabled
assessment,tst_input_dyn_quest_set_prev_quest_list_enabled
assessment,tst_instant_feedback_fix_usr_answer
assessment,tst_instant_feedback_fix_usr_answer_desc
assessment,tst_instant_feedback_forced_desc
assessment,tst_instant_verification
assessment,tst_invited_selected_groups
assessment,tst_invited_selected_roles
assessment,tst_list_of_questions_yes
assessment,tst_manscoring_input_best_solution
assessment,tst_missing_author
assessment,tst_missing_marks
assessment,tst_missing_questions
assessment,tst_missing_title
assessment,tst_must_be_online_exam
assessment,tst_no_export_randomtest
assessment,tst_no_more_available_questionpools
assessment,tst_no_questionpools_for_random_test
assessment,tst_no_questions_available
assessment,tst_no_questions_for_random_test
assessment,tst_no_solution_available
assessment,tst_no_taken_tests
assessment,tst_non_avail_pool_msg_status_trashed
assessment,tst_num_marked_questions
assessment,tst_num_postponed_questions
assessment,tst_participant_solution
assessment,tst_participants_no
assessment,tst_participants_no_fixed
assessment,tst_print_date
assessment,tst_properties
assessment,tst_qst_resetsolved
assessment,tst_qst_result_sheet
assessment,tst_qst_setsolved
assessment,tst_qst_summary_text
assessment,tst_question_selection
assessment,tst_question_selection_description
assessment,tst_question_selection_equal
assessment,tst_question_unmark
assessment,tst_random_qpl_unselected
assessment,tst_random_questionpools
assessment,tst_random_selection_question_count_too_high
assessment,tst_random_selection_question_total_count_too_high
assessment,tst_report_after_question
assessment,tst_results_back_evaluation
assessment,tst_results_overview_pass
assessment,tst_results_presentation_description
assessment,tst_score_type
assessment,tst_select_file_for_import
assessment,tst_select_qpls
assessment,tst_select_questionpools
assessment,tst_select_random_questions
assessment,tst_select_tsts
assessment,tst_settings_template
assessment,tst_stat_all_users
assessment,tst_stat_choose_users
assessment,tst_stat_result_distancemean
assessment,tst_stat_result_distancemedian
assessment,tst_stat_result_distancequintile
assessment,tst_stat_result_specification
assessment,tst_stat_selected_users
assessment,tst_stat_users_intro
assessment,tst_status_completed
assessment,tst_status_completed_more_tries_possible
assessment,tst_status_missing
assessment,tst_status_missing_elements
assessment,tst_status_not_entered
assessment,tst_status_ok
assessment,tst_status_progress
assessment,tst_submit_answers
assessment,tst_submit_answers_txt
assessment,tst_suggested_solution
assessment,tst_test_execution
assessment,tst_test_output
assessment,tst_total_questions
assessment,tst_total_questions_description
assessment,tst_tracked_question_list
assessment,tst_tst_date
assessment,tst_type_changed
assessment,tst_type_comment
assessment,tst_types
assessment,tst_use_javascript
assessment,tt_assessment
assessment,tt_online_exam
assessment,tt_self_assessment
assessment,tt_varying_randomtest
assessment,un_no_category_id_passed
assessment,un_no_unit_id_passed
assessment,un_unit_in_use
assessment,un_unit_not_exist
assessment,unit_editor
assessment,unlock_question
assessment,upload_image
assessment,upload_imagemap
survey,uploaded_material
assessment,warning_test_not_complete
assessment,when
assessment,with_order
assessment,working_time_avg
common,auth_openid
auth,auth_openid_configure
auth,auth_openid_deleted_provider
auth,auth_openid_enable
auth,auth_openid_login
auth,auth_openid_login_info_a
auth,auth_openid_migration
auth,auth_openid_migration_info
auth,auth_openid_provider
auth,auth_openid_provider_add
auth,auth_openid_provider_edit
auth,auth_openid_provider_tbl
auth,auth_openid_role_select
auth,auth_openid_settings
auth,auth_openid_sync
auth,auth_openid_sync_info
auth,auth_openid_uncontrolled_selection
auth,auth_openid_uncontrolled_selection_info
auth,auth_openid_url_info
barometer,bar_create
barometer,barometer_add
barometer,barometer_conflict_anon_req
barometer,barometer_title
barometer,change_course
barometer,chart_type
barometer,chart_users
barometer,chart_votes
barometer,edit_barometer
barometer,every
barometer,feedb_edit_feedback
barometer,feedb_feedback_list
barometer,feedb_feedback_settings
barometer,feedb_time
barometer,first_vote
barometer,missing_fields
barometer,new_vote
barometer,save_vote
barometer,skip
barometer,text_answer
barometer,worst
bibitem,bibitem_add
bibitem,bibitem_author
bibitem,bibitem_av
bibitem,bibitem_bibitem
bibitem,bibitem_book
bibitem,bibitem_booktitle
bibitem,bibitem_catalog
bibitem,bibitem_choose_index
bibitem,bibitem_cross_reference
bibitem,bibitem_delete
bibitem,bibitem_dissertation
bibitem,bibitem_edition
bibitem,bibitem_editor
bibitem,bibitem_entry
bibitem,bibitem_first_name
bibitem,bibitem_grey_literature
bibitem,bibitem_how_published
bibitem,bibitem_identifier
bibitem,bibitem_inbook
bibitem,bibitem_inproceedings
bibitem,bibitem_institution
bibitem,bibitem_internet
bibitem,bibitem_isbn
bibitem,bibitem_issn
bibitem,bibitem_journal
bibitem,bibitem_journal_article
bibitem,bibitem_keyword
bibitem,bibitem_label
bibitem,bibitem_language
bibitem,bibitem_last_name
bibitem,bibitem_manual
bibitem,bibitem_master_thesis
bibitem,bibitem_middle_name
bibitem,bibitem_month
bibitem,bibitem_new_element
bibitem,bibitem_newspaper_article
bibitem,bibitem_not_found
bibitem,bibitem_note
bibitem,bibitem_number
bibitem,bibitem_organization
bibitem,bibitem_pages
bibitem,bibitem_phd_thesis
bibitem,bibitem_please_select
bibitem,bibitem_print
bibitem,bibitem_proceedings
bibitem,bibitem_publisher
bibitem,bibitem_save
bibitem,bibitem_school
bibitem,bibitem_series
bibitem,bibitem_series_editor
bibitem,bibitem_series_title
bibitem,bibitem_series_volume
bibitem,bibitem_technical_report
bibitem,bibitem_type
bibitem,bibitem_unpublished
bibitem,bibitem_url
bibitem,bibitem_where_published
bibitem,bibitem_year
bibl,attr_order
bibl,attr_order_bibtex
bibl,attr_order_bibtex_info
bibl,attr_order_ris
bibl,attr_order_ris_info
bibl,bib_default_address
bibl,bib_default_booktitle
bibl,bib_default_chapter
bibl,bib_default_crossref
bibl,bib_default_edition
bibl,bib_default_editor
bibl,bib_default_howpublished
bibl,bib_default_institution
bibl,bib_default_key
bibl,bib_default_language
bibl,bib_default_organization
bibl,bib_default_publisher
bibl,bib_default_school
bibl,bib_default_series
bibl,bib_default_type
bibl,bib_default_urldate
bibl,bibl_admin_settings
bibl,libraries
bibl,news_content_created
bibl,news_content_updated
bibl,ris_default_a1
bibl,ris_default_a2
bibl,ris_default_a3
bibl,ris_default_ab
bibl,ris_default_ad
bibl,ris_default_av
bibl,ris_default_ct
bibl,ris_default_cy
bibl,ris_default_do
bibl,ris_default_dp
bibl,ris_default_ed
bibl,ris_default_ep
bibl,ris_default_et
bibl,ris_default_id
bibl,ris_default_in
bibl,ris_default_is
bibl,ris_default_j1
bibl,ris_default_j2
bibl,ris_default_jf
bibl,ris_default_jo
bibl,ris_default_kw
bibl,ris_default_l1
bibl,ris_default_l2
bibl,ris_default_l4
bibl,ris_default_la
bibl,ris_default_m1
bibl,ris_default_m2
bibl,ris_default_n1
bibl,ris_default_n2
bibl,ris_default_rp
bibl,ris_default_sp
bibl,ris_default_st
bibl,ris_default_t1
bibl,ris_default_t2
bibl,ris_default_t3
bibl,ris_default_ts
bibl,ris_default_ty
bibl,ris_default_u1
bibl,ris_default_u2
bibl,ris_default_u3
bibl,ris_default_u4
bibl,ris_default_u5
bibl,ris_default_y1
bibl,ris_default_y2
block_html,block_html_block_content
block_html,block_html_block_head
block_html,block_html_block_title
blog,blog_back_to_ilias
blog,blog_background_color
blog,blog_change_notification_body_comment
blog,blog_change_notification_salutation
blog,blog_changed_by
blog,blog_font_color
blog,blog_news_title
blog,blog_search_users
book,book_add_type
book,book_change_status
book,book_create_title
book,book_current_user
book,book_earlier
book,book_edit_type
book,book_group_objects
book,book_group_objects_info
book,book_later
book,book_list_items
book,book_minutes
book,book_reservation_block
book,book_reservation_cancel
book,book_reservation_status_2
book,book_schedule_break
book,book_schedule_break_info
book,book_schedule_raster
book,book_schedule_raster_info
book,book_schedule_rent_info
book,book_schedule_rent_max
book,book_schedule_rent_min
book,book_schedule_type_fix
book,book_schedule_type_fix_info
book,book_schedule_type_flexible
book,book_schedule_type_flexible_info
book,book_schedule_warning
book,book_set_in_use
book,book_set_not_cancel
book,book_set_not_in_use
book,book_slots_no
book,book_slots_no_info
book,book_type_added
book,book_type_deleted
book,book_type_updated
buddysystem,buddy_bs_btn_txt_unlinked_p
buddysystem,buddy_bs_no_new_requests
buddysystem,buddy_bs_state_linked_p
buddysystem,buddy_bs_state_unlinked
buddysystem,buddy_bs_state_unlinked_p
certificate,certificate_bottom
certificate,certificate_delete
certificate,certificate_left
certificate,certificate_padding_top
certificate,certificate_right
certificate,certificate_show
certificate,certificate_status
certificate,certificate_status_complete
certificate,certificate_status_incomplete
certificate,certificate_top
certificate,certificate_wrong_unit
certificate,certificate_wrong_units
chatroom,chat_create_new_private_room
chatroom,chat_delete
chatroom,chat_invite_users
chatroom,chat_leave
chatroom,chat_message_notify_activate
chatroom,chat_new_invitation_sound_status
chatroom,chat_new_message_sound_status
chatroom,chat_private_room
chatroom,chat_right_box_user
chatroom,chtr_moderate
chatroom,hint_unique_name
chatroom,instance_name
chatroom,restrict_history_info
chatroom,settings_privacy
chatroom,soap_must_be_enabled
chatroom,soap_user
chatroom,soap_user_password
chatroom,unkown_private_room
chatroom_adm,keypass
chatroom_adm,keystore
chatroom_adm,priv_hosts
chatroom_adm,soap_user_hint
chatroom_adm,storepass
cld,cld_empty
cld,service_specific_settings
cmps,cmps_disable_creation
cmps,cmps_duplicate_positions
cmps,cmps_edit_settings
cmps,cmps_plugin_dirs
cmps,cmps_refresh_plugins_inf
cmps,cmps_services
cmps,cmps_update_db
cntr,cntr_disable_multi_commands
cntr,cntr_enable_multi_commands
cntr,cntr_page_actions
common,access_enddate
common,access_restrict_enter
common,activate_block
common,active_roles
common,add_author
common,add_comments
common,add_members
common,add_new_user_defined_select_field
common,add_new_user_defined_text_field
common,add_new_user_defined_wysiwyg_field
common,adm_create_tax
common,admin_panel
common,administrate
common,advanced_editing_allow_javascript_editor
common,advanced_editing_lm_js_editing
common,advanced_editing_lm_js_editing_desc
common,advanced_editing_lm_settings
common,advanced_editing_no_rte
common,advanced_editing_settings
common,advanced_editing_tinymce
common,adve_lm_settings
common,adve_rep_settings
common,all_authors
common,all_commands
common,all_lms
common,all_tsts
common,announce
common,announce_changes
common,append_search
common,applied_users
common,appointment_list
common,arrow_downright
common,articels_unread
common,as_of
common,ass_log_available_tests
common,ass_log_path
common,assessment_defaults
common,assessment_log_manual_scoring
common,assessment_log_no_data
common,assessment_log_no_log
common,assessment_log_open_calendar
common,assessment_log_select_test
common,assessment_log_user_answer
common,assessment_log_user_answers
common,assessment_settings
common,assessment_use_javascript
common,assessment_use_javascript_desc
common,assign_lo_forum
common,assign_user_to_role
common,assigned_users
common,associated_users
common,at_location
common,attend
common,auth_cas_create_users_desc
common,auth_cas_settings_saved
common,auth_cas_user_default_role_desc
common,auth_ldap_desc
common,auth_ldap_not_configured
common,auth_ldap_settings_saved
common,auth_local_desc
common,auth_radius_desc
common,auth_radius_settings_saved
common,auth_script_desc
common,auth_shib_desc
common,auth_soap_user_default_role
common,authenticate_with
common,auto_registration
common,available_languages
common,average_time
common,back_to_sess_content
common,basic_commands
common,basic_data
common,benchmark_settings
common,big_icon
common,block_management
common,bookmark_edit
common,bookmark_folder_edit
common,bookmark_save_to
common,bottom_frame
common,bought_objects_expire_soon
common,btn_new_value
common,buy
common,cat_a
common,cat_clear_page
common,cat_pages
common,cat_pages_clear
common,cat_pages_not_created
common,cat_pages_undone
common,cat_title
common,cat_undo_last_page_changes
common,catr_edit
common,censorship
common,chac_edit_permission
common,chac_read
common,chac_visible
common,chac_write
common,change_active_assignment
common,change_lo_info
common,change_metadata
common,chapter_number
common,chapter_title
common,check_max_allowed_packet_size
common,chg_language
common,choose_location
common,clone_existing_course
common,clone_option_in_cat
common,clone_option_in_crs
common,clone_target
common,clone_target_title
common,close_window
common,condition_precondition
common,condition_select_one
common,condition_update
common,cont_object
common,cookies_howto
common,copied_object
common,copy_to
common,could_not_verify_account
common,create_block
common,create_in
common,cron_forum_notification_cron
common,cron_forum_notification_directly
common,cron_forum_notification_never
common,cron_jobs_desc
common,crs_a
common,crs_all_questions_answered_successfully
common,crs_available
common,crs_container_link_not_allowed
common,crs_info
common,crs_management_system
common,crs_no_content
common,crsr_edit
common,cumulative_time
common,cur_number_rec
common,custom_icon_size_big
common,custom_icon_size_standard
common,custom_icon_size_tiny
common,data_privacy
common,days_of_period
common,default_value
common,delete_all
common,delete_all_rec
common,delete_inactivated_user_accounts_interval
common,delete_inactivated_user_accounts_interval_desc
common,delete_inactive_user_accounts_interval
common,delete_object
common,delete_selected
common,delete_tr_data
common,deleted_user_account
common,disable_admin_force
common,disable_anonymous_fora
common,disable_anonymous_fora_desc
common,disk_space_used
common,display_webdav_actions
common,display_webdav_actions_info
common,drop
common,edit_comments
common,edit_data
common,edit_perm_ruleset
common,edited_at
common,email_feedback
common,email_footer
common,enable_admin_force
common,enable_disk_quota_info
common,enable_ext_lang_maint
common,enable_js_edit
common,enable_js_edit_info
common,enable_registration
common,enumerate
common,err_auth_ext_user_exists
common,err_enter_current_passwd
common,err_ldap_auth_failed
common,err_ldap_connect_failed
common,err_ldap_search_failed
common,err_ldap_user_not_found
common,err_unknown_error
common,exc_ask_delete
common,exc_assign_usr
common,exc_create
common,exc_details
common,exc_download_all
common,exc_download_new
common,exc_feedback_sent
common,exc_groups
common,exc_header_members
common,exc_mail_users
common,exc_no_members_assigned
common,exc_notices
common,exc_resubmitted_advice
common,exc_roles
common,exc_search_for
common,exc_send_exercise
common,exc_status_resubmitted
common,exc_status_sent
common,exc_status_solved
common,exc_status_submitted
common,exc_users
common,explorer_frame
common,export_format_selection
common,export_group_members
common,export_xml
common,ext_acccount_required
common,extt_configure
common,extt_name
common,extt_remark
common,extt_title_configure
common,faq_exercise
common,file_a
common,file_icon
common,file_lock_unlock_file
common,file_locked_by
common,file_new
common,file_version_rollback
common,filename_extension_short
common,files_location
common,fold_a
common,fold_copy_threads_info
common,fold_type
common,fold_wizard_page
common,forename
common,form_empty_fields
common,forum_attachments
common,forum_import
common,forum_import_file
forum,forums
common,forums_moderators
common,forums_overview
common,frm_a
common,frm_article
common,frm_create
common,frm_delete_post
common,frm_edit_post
common,frm_status_new
common,frm_status_new_desc
common,glo_create
common,glo_upload_file
common,glossary_added
common,group_access_denied
common,group_any_objects
common,group_create_chat
common,group_desc
common,group_details
common,group_filesharing
common,group_import
common,group_import_file
common,group_info_reg
common,group_memstat
common,group_memstat_admin
common,group_memstat_member
common,group_no_registration
common,group_no_registration_msg
common,group_not_available
common,group_objects
common,group_registration_expiration_date
common,group_registration_expiration_time
common,group_registration_expired
common,group_registration_expired_msg
common,group_req_password
common,group_req_registration
common,group_reset
common,group_status_closed
common,group_status_desc
common,group_status_public
common,grouping_select_exactly_one
common,groups_overview
common,grp_a
common,grp_add_member
common,grp_already_applied
common,grp_app_send_mail
common,grp_back
common,grp_count_members
common,grp_create
grp,grp_deleted_export_files
common,grp_err_at_least_one_groupadministrator_is_needed
common,grp_err_error
common,grp_err_last_member
common,grp_err_member_could_not_be_removed
common,grp_err_no_permission
common,grp_err_registration_data
common,grp_mail_body_new_subscription
common,grp_mail_body_subscription_cancelled
common,grp_mail_subj_new_subscription
common,grp_mail_subj_subscription_cancelled
common,grp_mem_leave
common,grp_msg_applicants_removed
common,grp_name_exists
common,grp_new_search
common,grp_no_groups_selected
common,grp_no_results_found
common,grp_no_roles_selected
common,grp_options
common,grp_register
common,grp_search_enter_search_string
common,grp_search_members
grp,grp_select_one_file
common,grp_select_one_file_only
common,grpr_edit
common,guest
common,guests
common,hh_mm
common,hh_mm_ss
common,hide_private_notes
common,hide_structure
common,hist_dbk_delete_pg
common,hist_dbk_delete_st
common,hist_dbk_pg_create
common,hist_dbk_pg_cut
common,hist_dbk_pg_paste
common,hist_dbk_pg_update
common,hist_dbk_st_cut_page
common,hist_dbk_st_paste_page
common,hist_file_create
common,hist_file_new_version
common,hist_file_replace
common,hist_lm_pg_cut
common,hist_lm_pg_paste
common,hist_lm_pg_update
common,hist_lm_st_cut_page
common,hist_lm_st_paste_page
common,hist_no_entries
common,hours_of_day
common,htlm_edit
common,html_block
common,icons_in_header
common,icons_in_item_rows
common,icons_in_typed_lists
common,icons_in_typed_lists_info
common,if_no_title_then_url
common,il_chat_moderator_moderate
common,il_chat_moderator_read
common,il_chat_moderator_visible
common,il_chat_moderator_write
common,ilias_and_webfolder_username
common,ilias_username
common,image_gen_unsucc
common,import_alm
common,import_forum_finished
common,import_glossary
common,import_grp
common,import_grp_finished
common,import_root_user
common,import_spl
common,info_accessFree_sure
common,info_enter_login_or_id
common,info_trash
common,information_abbr
common,inifile
common,input_error
common,invoice_number
common,invoice_number_reset_period
common,invoice_number_reset_period_desc
common,invoice_number_setting
common,itgr_copy
common,itgr_import
common,java_server_no_connection
common,lang_version
common,last_visit
common,ldap_edit_permission
common,ldap_login_key
common,ldap_objectclass
common,ldap_passwd
common,ldap_search_base
common,ldap_v2
common,ldap_v3
common,ldap_visible
common,ldap_write
common,learning_objects
common,learning_resourc
common,link_check_body_top
common,link_dynamic_info
common,linked_object
common,linked_pages
common,links_not_available
common,list_of_pages
common,literature
common,literature_bookmarks
common,lm_a
common,lm_create
common,lm_join
common,lm_leave
common,lm_type_aicc
common,lm_type_hacp
common,lo_available
common,lo_categories
common,lo_edit
common,lo_new
common,lo_no_content
common,lo_other_langs
common,lo_overview
common,lock_file
common,logic_and
common,login_time
common,login_to_ilias_via_openid
common,los
common,los_last_visited
common,mail_a_root
common,mail_allow_smtp
common,mail_delete_error_file
common,mail_feedback
common,mail_import
common,mail_intern_enable
common,mail_maxsize_box
common,mail_maxsize_mail
common,mail_maxtime_attach
common,mail_maxtime_mail
mail,mail_multiple_recipients_found
mail,mail_no_recipient_found
common,mail_no_valid_group_role
common,mail_search_courses_not_found
common,mail_search_groups_not_found
common,mail_search_word
common,mail_system
common,main_menu_frame
common,manage_tracking_data
common,mark_all_read
common,mark_all_unread
common,max_number_rec
common,max_time
common,mem_view_deactivate
common,membership_annulled
common,mep_added
common,message_to
common,migrate
common,min_time
common,mm_dd_yyyy
common,mod_rewrite_disabled
common,move_blocks
common,move_down
common,move_left
common,move_right
common,move_to
common,move_up
common,move_users_to_style
common,msg_changes_ok
common,msg_deleted_roles
common,msg_deleted_rolt
common,msg_deleted_rolts
common,msg_error_copy
common,msg_input_either_file_or_url
common,msg_invalid_filetype
common,msg_min_one_active_role
common,msg_no_perm_create
common,msg_no_perm_create_object1
common,msg_no_perm_create_object2
common,msg_no_perm_create_role
common,msg_no_perm_create_rolf
common,msg_no_perm_create_user
common,msg_no_perm_delete_track
common,msg_no_perm_modify_role
common,msg_no_perm_read_track
common,msg_no_perm_undelete
common,msg_no_rolf_allowed1
common,msg_no_rolf_allowed2
common,msg_no_scan_log
common,msg_no_sysadmin_sysrole_not_assignable
common,msg_no_type_accessible
common,msg_no_type_available
common,msg_no_url
common,msg_nothing_found
common,msg_role_exists1
common,msg_role_exists2
common,msg_roleassignment_active_changed
common,msg_roleassignment_active_changed_comment
common,msg_wrong_filetype
common,multimedia
common,my_frms
common,my_grps
common,my_los
common,my_tsts
common,new_appointment
common,new_customer
common,new_customer_info
common,new_folder
common,new_group
common,new_list_password
common,new_lowercase
common,new_mail
common,nickname
common,no_access_link_object
common,no_bm_in_personal_list
common,no_chat_in_personal_list
common,no_conditions_found
common,no_datasets
common,no_description
common,no_frm_in_personal_list
common,no_grp_in_personal_list
common,no_import_available
common,no_invalid_links
common,no_lo_in_personal_list
common,no_local_users
common,no_objects
common,no_permission_to_join
common,no_submission_made
common,no_tst_in_personal_list
common,no_user_defined_fields_defined
common,no_users_applied
common,no_zip_file
common,not_accessed
common,not_accessed_yet
common,not_enabled_or_configured
common,note_all_pub_notes
common,note_my_pub_notes
common,nr_following_sessions
common,number_of_accesses
common,number_of_records
common,obj_alm
common,obj_calendar
common,obj_cat_select
common,obj_cen
common,obj_chac
common,obj_chac_desc
common,obj_chat
common,obj_chtr_duplicate
common,obj_crs_select
common,obj_dcl_dupliate
common,obj_exc_duplicate
common,obj_exc_select
common,obj_file_duplicate
common,obj_file_select
common,obj_fold_duplicate
common,obj_fold_select
common,obj_frm_select
common,obj_grp_select
common,obj_htlm_duplicate
common,obj_il_chat_moderator
common,obj_itgr_duplicate
common,obj_itgr_select
common,obj_ldap
common,obj_ldap_desc
common,obj_lo
common,obj_mass_duplicate
common,obj_mass_select
common,obj_mcst_duplicate
common,obj_mep_duplicate
common,obj_nota
common,obj_note
common,obj_notf
common,obj_owner
common,obj_poll_dupliate:
common,obj_prg_select
common,obj_sahs_duplicate
common,obj_sess_select
common,obj_spl_duplicate
common,obj_svy_select
common,obj_taxf_desc
common,obj_tool_settings
common,obj_tool_settings_title
common,obj_tst_select
common,obj_typ
common,obj_url
common,obj_uset
common,obj_webr_select
common,obj_wiki_duplicate
common,object_duration
common,object_not_found
common,object_purchased_date
common,objf_edit_permission
common,objf_read
common,objf_visible
common,objf_write
common,objs_alm
common,objs_chat
common,objs_confirm
common,objs_dbk
common,objs_delete
common,objs_lng
common,objs_lo
common,objs_mob
common,objs_note
common,objs_pg
common,objs_rolt
common,objs_type
common,objs_url
common,objs_usr
common,offline_version
common,online_chapter
common,online_version
common,open_views_inside_frameset
common,options_for_subobjects
common,order_by_answers
common,page_edit
common,passwd_list
common,password_assistance_disabled
common,paste_clipboard_items_into_multiple_objects
common,path_to_babylon
common,pd_enable_contacts
common,pd_enable_contacts_requires_mail
common,pd_items_news_info
common,per_object
common,perm_role_info_1
common,perm_role_info_2
common,perm_role_info_glob_1
common,perm_role_info_glob_2
common,perm_special_options
common,permission_denied_filed_locked_by
common,permission_settings_info
common,pg_a
common,pg_added
common,pg_edit
common,presentation_options
common,preview_learner
common,preview_learner_info
common,public_profile_not_visible
common,publication
common,publication_date
common,published
common,publishing_organisation
common,qpl_upload_file
common,quarterly
common,question_pools
common,recf_edit
common,refresh_list
common,register_info
common,registration_disabled
common,registration_expired
common,remove_personal_picture
common,renderer_type_plugin
common,repository_frame
common,request_membership
common,require_city
common,require_country
common,require_default_role
common,require_department
common,require_fax
common,require_firstname
common,require_institution
common,require_lastname
common,require_login
common,require_mandatory
common,require_passwd
common,require_passwd2
common,require_phone_home
common,require_phone_mobile
common,require_phone_office
common,require_street
common,require_zipcode
common,retype_password
common,role_a
common,role_add
common,role_add_local
common,role_count_users
common,role_deleted
common,role_desk_none_created
common,role_header_edit_users
common,role_list_users
common,role_no_groups_selected
common,role_no_results_found
common,role_search_enter_search_string
common,role_search_users
common,role_user_deassign
common,role_user_edit
common,role_user_send_mail
common,rolt_a
common,rolt_add
common,root_edit
common,rte_editor_disabled
common,rte_editor_enabled
common,sahs_create
common,sahs_join
common,sahs_leave
common,save_customer_address
common,save_customer_address_info
common,saved
common,scorm_add
common,scorm_create_export_file_iso
search,search_active
search,search_inactive
common,search_minimum_characters
common,search_note
common,search_recipient
common,search_to_short
common,sections
common,select_mode
common,select_object_to_copy
common,select_page
common,select_password
common,select_questionpool_option
common,send_mail_selected
common,session_config_maintenance_enabled
common,session_reminder_extended
common,settings_for_new_members
common,shib_configure
common,shib_edit_permission
common,shib_read
common,shib_visible
common,shib_write
common,show_hidden_block
common,show_list
common,show_private_notes
common,show_profile
common,show_structure
common,sort_activation_header
common,spl_upload_file
common,st_a
common,st_add
common,st_added
common,st_edit
common,st_new
common,standard_icon
common,state_changed
common,state_changed_inside
common,state_new
common,state_unread
common,stop_inheritance
common,stop_moving_blocks
common,style_activation
common,subcat_name
common,subchapter_new
common,subject_module
common,svy_evaluation
common,svy_no_content
common,svy_participate
common,svy_upload_file
common,system_choose_language
common,system_groups
common,system_grp
common,system_style_settings
common,tax_delete
common,tax_edit
common,tax_edit_permission
common,tax_read
common,tax_visible
common,tax_write
common,taxf_edit_permission
common,taxf_read
common,taxf_visible
common,taxf_write
common,test_intern
common,test_module
common,time_d
common,time_h
common,time_limit_applied_users
common,time_limit_not_within_owners
common,time_limit_users_updated
common,time_limits
common,time_segment
common,tiny_icon
common,title_and_translations
common,title_long
common,to_filter
common,toggle_hidden_sections
common,tpl_path
common,tracked_objects
common,tracking_data
common,tracking_data_del_confirm
common,tracking_data_deleted
common,tree_frame_info
common,tree_left
common,tree_right
common,tst_anon_eval
common,tst_no_content
common,tst_upload_file
common,txt_add_object_instruction1
common,txt_add_object_instruction2
common,type_your_message_here
common,udf_add_field
common,udf_delete_header
common,udf_no_entries
common,udf_no_name_given
common,udf_update_success
common,udf_value
common,udf_value_deleted
common,ums_login_account
common,unlabeled
common,unread_lowercase
common,unselected
common,url_a
common,url_add
common,url_added
common,url_create_url
common,url_delete
common,url_description
common,url_edit
common,url_edit_permission
common,url_new
common,url_read
common,url_visible
common,url_write
common,user_access
common,user_not_chosen
common,user_profile_instant_messengers
common,user_statistics
common,users_online_show_associated
common,users_online_show_n
common,users_online_show_short_associated
common,users_online_show_short_n
common,users_online_show_short_y
common,users_online_show_y
common,usertracking
common,usr_a
common,usr_added
common,usr_agreement_empty
common,usr_filter_empty_result
common,usr_hits_per_page
common,usr_settings_header_profile_profile
common,usr_style
common,usrf_create_user
common,usrimport_action_failed
common,usrimport_xml_pw_bcrypt_missing_salt
common,vendors
common,verification_log
common,visible_layers
common,webdav_pear_auth_http_needed
common,webfolder
common,webr_add_item
common,webr_delete_items
common,webr_edit_item
common,webr_fillout_all
common,webr_item_updated
common,webr_join
common,webr_last_check
common,webr_leave
common,webr_modified_items
common,webr_never_checked
common,webr_new
common,webr_no_items_created
common,who_is_online
common,width_x_height
common,you_may_add_local_roles
common,your_message
common,yyyy_mm_dd
cont,cont_news_add_news
content,cont_activate_multi_lang
content,cont_add_circle
content,cont_add_fullscreen
content,cont_add_lang
content,cont_add_polygon
content,cont_add_rectangle
content,cont_all_definitions
content,cont_api_adapter
content,cont_api_func_prefix
content,cont_assign_translation
content,cont_assignments_deleted
content,cont_back_to_page
content,cont_booktitle
content,cont_browser_not_js_capable
content,cont_chap_copy_select_target_now
content,cont_citation_err_one
content,cont_citations
content,cont_Code
content,cont_conf_delete_lang
content,cont_content_obj
content,cont_contents
content,cont_copy_object
content,cont_copy_to_media_pool
content,cont_create_dir
content,cont_create_export_file
content,cont_create_export_file_html
content,cont_create_export_file_scorm
content,cont_create_export_file_xml
content,cont_create_final_lm_page
content,cont_create_final_sco_page
content,cont_create_folder
content,cont_create_html_version
content,cont_cross_reference
content,cont_debugpw
content,cont_del_assignment
content,cont_derive_from_obj
content,cont_details
content,cont_e_g_example
content,cont_edit_area
content,cont_edit_mob_files
content,cont_edit_mob_properties
content,cont_edit_tab_properties
content,cont_edition
content,cont_empty_mep_folder
content,cont_export_files
content,cont_export_success
content,cont_export_tracking
content,cont_export_type
content,cont_external
content,cont_external_url
content,cont_final_lm_page
content,cont_final_lm_page_info
content,cont_final_sco_page
content,cont_final_sco_page_info
content,cont_format_error
content,cont_frame_botright
content,cont_frame_maincontent
content,cont_frame_right
content,cont_frame_toc
content,cont_frame_topright
content,cont_get_orig_size
content,cont_glo_menu
content,cont_Hint
content,cont_how_published
content,cont_insert_login_page_element
content,cont_insert_new_footnote
content,cont_insert_search
content,cont_insert_tabs
content,cont_internal
content,cont_isbn
content,cont_issn
content,cont_journal
content,cont_js_chap_editing
content,cont_keyword
content,cont_last_access
content,cont_link_whole_picture
content,cont_lk_survey
content,cont_lpe_cas_login_form
content,cont_lpe_language_selection
content,cont_lpe_login_form
content,cont_lpe_openid_login_form
content,cont_lpe_registration_link
content,cont_lpe_shib_login_form
content,cont_lpe_user_agreement_link
content,cont_manage_multilang
content,cont_map_areas
content,cont_mep_structure
content,cont_mob_files
content,cont_mob_prop
content,cont_month
content,cont_move_object
content,cont_msg_multiple_editions
content,cont_multilang_currently_deactivated
content,cont_my_courses_no_settings
content,cont_new_assignment
content,cont_new_media_obj
content,cont_no_assign_itself
content,cont_no_object_found
content,cont_no_zip_file
content,cont_not_js_chap_editing
content,cont_Number
content,cont_offline
content,cont_offline_files
content,cont_offline_versions
content,cont_open_heigth
content,cont_open_width
content,cont_or
content,cont_order
content,cont_page_link
content,cont_page_select_target_now
content,cont_pg_content
content,cont_public_notes
content,cont_public_notes_desc
content,cont_publisher
content,cont_pword
content,cont_question_pool
content,cont_Reading
content,cont_really_delete_special_pages
content,cont_remove_fullscreen
content,cont_removeiln
content,cont_repository_item_links
content,cont_resize_explanation
content,cont_resize_explanation2
content,cont_resize_image
content,cont_sc_auto_review
content,cont_sc_auto_review_info_12
content,cont_sc_max_attempt
content,cont_sc_score_was_higher_message
content,cont_school
content,cont_select_max_one_term
content,cont_select_one_edition
content,cont_select_one_translation
content,cont_select_one_translation_warning
content,cont_select_term
content,cont_select_translation
content,cont_series
content,cont_series_editor
content,cont_series_title
content,cont_series_volume
content,cont_set
content,cont_set_after
content,cont_set_before
content,cont_set_cancel
content,cont_set_class
content,cont_set_edit_mode
content,cont_set_into
content,cont_set_shape
content,cont_set_styles_and_widths
content,cont_set_width
content,cont_show
content,cont_show_citation
content,cont_source
content,cont_st_on_pg
content,cont_synchronize_frames
content,cont_synchronize_frames_desc
content,cont_table_cellspacing
content,cont_table_html_import
content,cont_table_html_import_info
content,cont_table_spreadsheet_import
content,cont_table_spreadsheet_import_info
content,cont_tabs_accordion
content,cont_tabs_hor_align_info
content,cont_tabs_hor_tabs
content,cont_text_type
content,cont_title
content,cont_title_footnotes
content,cont_translations
content,cont_translations_assigned
content,cont_Unordered
content,cont_update
content,cont_update_login_page_element
content,cont_update_names
content,cont_update_qover
content,cont_update_tabs
content,cont_update_titles_and_actions
content,cont_upload_file
content,cont_url
content,cont_view_last_export_log
content,cont_where_published
content,cont_wysiwyg
content,cont_year
content,content_current
content,content_last
content,glo_add_term_properties
content,HTML export
content,pages from
content,PDF export
content,read offline
content,seq_abandon
content,seq_abandonall
content,seq_blocked
content,seq_coursecomplete
content,seq_deadlock
content,seq_invalidnavreq
content,seq_nothing
content,start export
cron,cro_job_rc_job_no_result
crs,add_event
crs,crs_access_password
crs,crs_add_grp_assignment
crs,crs_add_member
crs,crs_add_subscribers
crs,crs_admin_no_notify
crs,crs_admin_notify
crs,crs_admission_link_failure_membership_limited
crs,crs_allow_abo
crs,crs_already_assigned_to_list
crs,crs_archive_download
crs,crs_archive_info
crs,crs_archive_read
crs,crs_archive_select_type
crs,crs_archive_type
crs,crs_archive_type_disabled
crs,crs_auto_fill
crs,crs_availability_limitless_info
crs,crs_availability_until_info
crs,crs_change_status
crs,crs_chapter_already_assigned
crs,crs_copy_cat_not_allowed
crs,crs_count_questions
crs,crs_crs_structure
crs,crs_deassign_lm_sure
crs,crs_delete_file
crs,crs_delete_from_list_sure
crs,crs_delete_from_waiting_list
crs,crs_delete_member
crs,crs_delete_members_sure
crs,crs_delete_subscribers
crs,crs_delete_subscribers_sure
crs,crs_edit_archive
crs,crs_edit_content
crs,crs_edit_start_objects
crs,crs_existing_files
crs,crs_filename
crs,crs_free_places
crs,crs_further_settings
crs,crs_grouping
crs,crs_grouping_assign
crs,crs_grouping_modified_assignment
crs,crs_groupings_ask_delete
crs,crs_grp_assigned_courses
crs,crs_grp_assigned_courses_info
crs,crs_grp_courses_already_assigned
crs,crs_grp_crs_assignment
crs,crs_grp_deassigned_courses
grp,crs_grp_enter_title
crs,crs_grp_modified_grouping
crs,crs_grp_no_course_selected
grp,crs_grp_table_assigned_courses
crs,crs_header_delete_subscribers
crs,crs_header_members
crs,crs_header_remove_from_waiting_list
crs,crs_hide_link_lms
crs,crs_hide_link_objectives
crs,crs_hide_link_or
crs,crs_hide_link_session
crs,crs_hide_link_tst
crs,crs_item_availability_info
crs,crs_learning_materials
crs,crs_list_users
crs,crs_lm_assignment
crs,crs_lm_assignment_deleted
crs,crs_lm_deassign
crs,crs_lm_no_assignments_selected
crs,crs_lms_already_assigned
crs,crs_loc_err_no_active_it
crs,crs_loc_err_no_active_qt
crs,crs_loc_err_nr_tries_exceeded
crs,crs_loc_limited_passes
crs,crs_loc_num_qst
crs,crs_loc_passes
crs,crs_loc_qst_resume_tst_itest
crs,crs_loc_qst_resume_tst_qtest
crs,crs_loc_qt_visibility
crs,crs_loc_qt_visibility_all
crs,crs_loc_qt_visibility_lo
crs,crs_loc_settings_type
crs,crs_loc_subtab_creation
crs,crs_loc_tst_new_run
crs,crs_loc_tst_resume
crs,crs_loc_type_initial_all
crs,crs_loc_type_initial_all_info
crs,crs_loc_type_initial_sel
crs,crs_loc_type_practise
crs,crs_loc_type_practise_info
crs,crs_loc_type_qualified
crs,crs_loc_type_qualified_info
crs,crs_mem_change_status
crs,crs_member_blocked
crs,crs_member_of
crs,crs_member_unblocked
crs,crs_member_updated
crs,crs_members_footer
crs,crs_members_footer_passed
crs,crs_members_table
crs,crs_members_title
crs,crs_move_down
crs,crs_move_up
crs,crs_moved_item
crs,crs_moved_objective
crs,crs_new_search
crs,crs_no_archives_available
crs,crs_no_chapter_selected
crs,crs_no_exercises
crs,crs_no_groupings_assigned
crs,crs_no_groups_selected
crs,crs_no_items_found
crs,crs_no_language
crs,crs_no_lm_selected
crs,crs_no_lms_assigned
crs,crs_no_lms_inside_course
crs,crs_no_lms_inside_crs
crs,crs_no_member_selected
crs,crs_no_members_assigned
crs,crs_no_question_selected
crs,crs_no_questions_assigned
crs,crs_no_results_found
crs,crs_no_roles_selected
crs,crs_no_starter_created
crs,crs_no_tests_inside_crs
crs,crs_no_title_given
crs,crs_no_valid_member_id_given
crs,crs_objective_action_qtest_sep
crs,crs_objective_add_qst
crs,crs_objective_assign_chapter
crs,crs_objective_assign_lm
crs,crs_objective_assign_question
crs,crs_objective_assigned_qst
crs,crs_objective_deassign_question
crs,crs_objective_delete_lm_assignment
crs,crs_objective_insert_percent
crs,crs_objective_no_title_given
crs,crs_objective_question_assignment
crs,crs_objective_status_fullfilled
crs,crs_objective_status_start
crs,crs_objective_step
crs,crs_objective_updated_test
crs,crs_objectives_assign_chapter
crs,crs_objectives_assigned_lms
crs,crs_objectives_assigned_new_questions
crs,crs_objectives_assigned_questions
crs,crs_objectives_chapter_assignment
crs,crs_objectives_deassign_question_sure
crs,crs_objectives_info_final
crs,crs_objectives_info_finished
crs,crs_objectives_info_none
crs,crs_objectives_info_pretest
crs,crs_objectives_info_pretest_non_suggest
crs,crs_objectives_lm_assignment
crs,crs_objectives_max_points
crs,crs_objectives_no_question_selected
crs,crs_objectives_nr_questions
crs,crs_objectives_qst_deassigned
crs,crs_offline
crs,crs_options
crs,crs_other_groupings
crs,crs_persons_on_waiting_list
crs,crs_question_assignment
crs,crs_reg_code_value
crs,crs_reg_deactivated
crs,crs_reg_lim_info
crs,crs_reg_notify_info
crs,crs_reg_period
crs,crs_reg_subscription_deactivated
crs,crs_reg_subscription_end_earlier
crs,crs_reg_subscription_max_members_reached
crs,crs_reg_subscription_start_later
crs,crs_reg_type_info
crs,crs_reg_unlim_info
crs,crs_reg_user_already_assigned
crs,crs_reg_user_blocked
crs,crs_registration_limited_info
crs,crs_registration_period
crs,crs_registration_unlimited
crs,crs_role
crs,crs_search_enter_search_string
crs,crs_search_for
crs,crs_search_members
crs,crs_search_str
crs,crs_select_exactly_one_lm
crs,crs_select_exactly_one_tst
crs,crs_select_native_lm
crs,crs_select_one_object
crs,crs_select_registration_type
crs,crs_set_on_waiting_list
crs,crs_show_link_lms
crs,crs_show_link_objectives
crs,crs_show_link_or
crs,crs_show_link_session
crs,crs_show_link_tst
crs,crs_show_objectives_view
crs,crs_sort_manual_info
crs,crs_sort_title_info
crs,crs_sortorder
crs,crs_sortorder_abo
crs,crs_subscribers
crs,crs_subscription_notify
crs,crs_subscription_options_deactivated
crs,crs_subscription_requested
crs,crs_subscription_type
crs,crs_suggest_lm
crs,crs_suggested_sections
crs,crs_suggestion_end
crs,crs_test_status_complete
crs,crs_test_status_not_complete
crs,crs_test_status_random
crs,crs_time
crs,crs_timings_availability_tbl
crs,crs_timings_duration
crs,crs_timings_late_end
crs,crs_timings_presetting_tbl
crs,crs_tutor_no_notify
crs,crs_tutor_notify
crs,crs_update_objective
crs,crs_user_login
crs,crs_view_archive
crs,crs_visibility_until_info
crs,crs_youre_position
crs,event_assign_materials
crs,event_clone_btn
crs,event_cloned
crs,event_date
crs,event_delete_file
crs,event_delete_sure
crs,event_end_date
crs,event_existing_files
crs,event_file_download
crs,event_file_name
crs,event_file_size_info
crs,event_full_time_info
crs,event_fullday
crs,event_further_informations
crs,event_general_infos
crs,event_general_properties
crs,event_inc_admins
crs,event_inc_members
crs,event_inc_tutors
crs,event_participation
crs,event_register
crs,event_registration
crs,event_registration_info
crs,event_registration_participance
crs,event_save_participants
crs,event_select_one
crs,event_start_date
crs,event_tbl_participants
crs,event_time
crs,events_clone_title
crs,events_deleted
crs,import_crs
crs,learners_view
crs,max_members_not_numeric
crs,save_status
crs,sess_date_time
crs,sess_gen_comment
crs,sess_gen_mark_title
crs,sess_gen_signature
crs,tutor_firstname
crs,tutor_lastname
crs,tutor_title
dateplaner,add_data
dateplaner,app_
dateplaner,app_date
dateplaner,app_freetime
dateplaner,app_inbox
dateplaner,app_list
dateplaner,app_properties
dateplaner,application
dateplaner,begin_date
dateplaner,busytime
dateplaner,cal_booking_confirmation_link
dateplaner,cal_ch_export_apps
dateplaner,cal_ch_user_assignment_success
dateplaner,cal_confirm_booking_info
dateplaner,cal_end
dateplaner,cal_no_recurrences
dateplaner,cal_sync_header
dateplaner,cal_type_rl_info
dateplaner,cal_type_usr
dateplaner,cal_what
dateplaner,changedDates
dateplaner,changeTo
dateplaner,checkforfreetime
dateplaner,date_format_middle
dateplaner,DateText
dateplaner,Day_long
dateplaner,del_all
dateplaner,del_one
dateplaner,deletedDates
dateplaner,discard
dateplaner,dv_button_cancel
dateplaner,dv_button_delete
dateplaner,dv_button_insert
dateplaner,dv_button_update
dateplaner,dv_date_begin
dateplaner,dv_date_end
dateplaner,dv_date_hm
dateplaner,dv_enddate
dateplaner,dv_groupselect
dateplaner,dv_Grouptime
dateplaner,dv_groupview
dateplaner,dv_groupview_text
dateplaner,dv_keywords
dateplaner,dv_keywordselect
dateplaner,dv_message
dateplaner,dv_noGroup
dateplaner,dv_noKey
dateplaner,dv_preview
dateplaner,dv_rotation
dateplaner,dv_rotation_date
dateplaner,dv_rotation_end
dateplaner,dv_shorttext
dateplaner,dv_startdate
dateplaner,dv_text
dateplaner,dv_whole_day
dateplaner,dv_whole_rotation
dateplaner,endtime_for_view
dateplaner,ERROR_DATE_EXISTS
dateplaner,ERROR_DB
dateplaner,ERROR_DB_CONNECT
dateplaner,ERROR_DEL_MSG
dateplaner,ERROR_END_START
dateplaner,ERROR_ENDDATE
dateplaner,ERROR_ENDTIME
dateplaner,ERROR_FILE_CSV_MSG
dateplaner,ERROR_JAVASCRIPT
dateplaner,error_minical_img
dateplaner,ERROR_ROT_END_START
dateplaner,ERROR_ROTATIONEND
dateplaner,ERROR_SHORTTEXT
dateplaner,ERROR_STARTDATE
dateplaner,ERROR_STARTTIME
dateplaner,ERROR_TS
dateplaner,extra_dates
dateplaner,freetime
dateplaner,help_day
dateplaner,help_day_l
dateplaner,help_enddate
dateplaner,help_enddate_l
dateplaner,help_endrotation
dateplaner,help_endrotation_l
dateplaner,help_endtime
dateplaner,help_endtime_l
dateplaner,help_filename
dateplaner,help_fullday
dateplaner,help_fullday_l
dateplaner,help_further
dateplaner,help_group
dateplaner,help_group_l
dateplaner,help_inbox
dateplaner,help_inbox_l
dateplaner,help_keyword
dateplaner,help_keyword_l
dateplaner,help_keywordUse
dateplaner,help_keywordUse_l
dateplaner,help_list
dateplaner,help_list_l
dateplaner,help_month
dateplaner,help_month_l
dateplaner,help_properties_alt
dateplaner,help_properties_alt_l
dateplaner,help_properties_del
dateplaner,help_properties_del_l
dateplaner,help_properties_import
dateplaner,help_properties_import_l
dateplaner,help_properties_new
dateplaner,help_properties_new_l
dateplaner,help_properties_time
dateplaner,help_properties_time_l
dateplaner,help_rotation
dateplaner,help_rotation_l
dateplaner,help_shorttext
dateplaner,help_shorttext_l
dateplaner,help_startdate
dateplaner,help_startdate_l
dateplaner,help_starttime
dateplaner,help_starttime_l
dateplaner,help_text
dateplaner,help_text_l
dateplaner,help_week
dateplaner,help_week_l
dateplaner,importDates
dateplaner,insertImportDates
dateplaner,k_alldates
dateplaner,Language_file
dateplaner,Listbox_long
dateplaner,long_01
dateplaner,long_02
dateplaner,long_03
dateplaner,long_04
dateplaner,long_05
dateplaner,long_06
dateplaner,long_07
dateplaner,long_08
dateplaner,long_09
dateplaner,long_10
dateplaner,long_11
dateplaner,long_12
dateplaner,main_dates
dateplaner,menue
dateplaner,mmonth
dateplaner,Month_long
dateplaner,mweek
dateplaner,myeahr
dateplaner,new_doc
dateplaner,newDates
dateplaner,newKeyword
dateplaner,no_entry
dateplaner,o_day_date
dateplaner,open_day
dateplaner,pmonth
dateplaner,printlist
dateplaner,pweek
dateplaner,pyear
dateplaner,r_day
dateplaner,r_halfyear
dateplaner,r_month
dateplaner,r_nonrecurring
dateplaner,r_week
dateplaner,r_year
dateplaner,readimportfile
dateplaner,rotation
dateplaner,rotation_dates
dateplaner,semester_name
dateplaner,short_01
dateplaner,short_02
dateplaner,short_03
dateplaner,short_04
dateplaner,short_05
dateplaner,short_06
dateplaner,short_07
dateplaner,short_08
dateplaner,short_09
dateplaner,short_10
dateplaner,short_11
dateplaner,short_12
dateplaner,shorttext
dateplaner,singleDate
dateplaner,starttime_for_view
dateplaner,timedate
dateplaner,timeslice
dateplaner,View
dateplaner,viewlist
dateplaner,Week_long
dateplaner,yui_cal_choose_month
dateplaner,yui_cal_choose_year
dcl,dcl_actions
dcl,dcl_activate_approval
dcl,dcl_activate_rating
dcl,dcl_change_notification_dcl_delete_record
dcl,dcl_create_table
dcl,dcl_create_view
dcl,dcl_delete_table
dcl,dcl_display_action_menu_desc
dcl,dcl_edit_by_owner
dcl,dcl_edit_end
dcl,dcl_edit_notification
dcl,dcl_edit_notification_info
dcl,dcl_edit_start
dcl,dcl_edit_type
dcl,dcl_edit_type_lim
dcl,dcl_edit_type_lim_info
dcl,dcl_edit_type_non
dcl,dcl_edit_type_non_info
dcl,dcl_edit_type_unlim
dcl,dcl_edit_type_unlim_info
dcl,dcl_export
dcl,dcl_export_table_excel
dcl,dcl_ILIAS_reference_link_desc
dcl,dcl_inconsistent_at
dcl,dcl_learning_progress_desc
dcl,dcl_no_exportable_fields_or_no_data
dcl,dcl_owner_editable
dcl,dcl_record_edit_viewdefinition
dcl,dcl_record_id
dcl,dcl_record_list_viewdefinition
dcl,dcl_record_view_viewdefinition
dcl,dcl_table_settings
dcl,dcl_tableorder
ecs,ecs_active_header
ecs,ecs_cat_export
ecs,ecs_cat_export_disabled
ecs,ecs_cat_export_enabled
ecs,ecs_cat_export_obj_settings
ecs,ecs_cmap_att_courseType
ecs,ecs_cmap_att_degreeProgramme
ecs,ecs_cmap_att_lecturer
ecs,ecs_cmap_att_module
ecs,ecs_cmap_att_organisation
ecs,ecs_cmap_att_term
ecs,ecs_cmap_att_title
ecs,ecs_cmap_att_venue
ecs,ecs_cmap_atts_table
ecs,ecs_cmap_form_current_dir
ecs,ecs_cmap_form_dir_relation
ecs,ecs_cmap_form_subdir_name
ecs,ecs_cmap_form_subdir_type
ecs,ecs_cmap_form_subdir_value
ecs,ecs_crs_export
ecs,ecs_crs_export_disabled
ecs,ecs_crs_export_enabled
ecs,ecs_crs_export_obj_settings
ecs,ecs_enable_participant
ecs,ecs_export_disabled
ecs,ecs_export_enabled
ecs,ecs_export_obj_settings
ecs,ecs_field_day
ecs,ecs_field_start
ecs,ecs_field_time
ecs,ecs_file_export
ecs,ecs_file_export_disabled
ecs,ecs_file_export_enabled
ecs,ecs_file_export_obj_settings
ecs,ecs_glo_export
ecs,ecs_glo_export_disabled
ecs,ecs_glo_export_enabled
ecs,ecs_glo_export_obj_settings
ecs,ecs_grp_export
ecs,ecs_grp_export_disabled
ecs,ecs_grp_export_enabled
ecs,ecs_grp_export_obj_settings
ecs,ecs_lm_export
ecs,ecs_lm_export_disabled
ecs,ecs_lm_export_enabled
ecs,ecs_lm_export_obj_settings
ecs,ecs_no_owner
ecs,ecs_node_mapping_status_1
ecs,ecs_node_mapping_status_2
ecs,ecs_node_mapping_status_3
ecs,ecs_publish_as
ecs,ecs_rcrs_created_body_a
ecs,ecs_role_mapping_value
ecs,ecs_tbl_settings_for_server
ecs,ecs_tst_export
ecs,ecs_tst_export_disabled
ecs,ecs_tst_export_enabled
ecs,ecs_tst_export_obj_settings
ecs,ecs_wiki_export
ecs,ecs_wiki_export_disabled
ecs,ecs_wiki_export_enabled
ecs,ecs_wiki_export_obj_settings
exc,exc_create_portfolio_select_info
exc,exc_edit_assignments
exc,exc_feedback_notification_salutation
exc,exc_manage
exc,exc_members_already_assigned_tean
exc,exc_peer_edit_file
exc,exc_peer_review_comment
exc,exc_peer_review_cron_info
exc,exc_peer_review_info
exc,exc_peer_review_show_not_rated_yet
exc,exc_peer_upload_file
exc,exc_search_users
exc,exc_team_log_remove_file
exc,exc_team_notification_changed_by
exc,exc_team_notification_salutation
exc,exc_team_upload_not_supported
exercise,exc_crs_add_members
exp,exp_create_xml_file
exp,exp_select_max_one_item
feed,feed_proxy
feed,feed_proxy_info
feed,feed_proxy_port
feed,feed_proxy_port_info
form,err_invalid_input
form,form_msg_wrong_date_format
forum,activate_current_and_childs
forum,add_re_to_subject_info
forum,forums_count
forum,forums_count_thr
forum,forums_notification
forum,forums_notification_subject
forum,forums_post_and_children_were_activated
forum,forums_thread_create_date
forum,frm_sorting_posts
forum,frm_sorting_threads
forum,publishThreadDrafts
grp,grp_accept_subscriber
grp,grp_accept_subscriber_body
grp,grp_admission_link_failure_membership_limited
grp,grp_admission_link_failure_registration_period
grp,grp_delete_member
grp,grp_lim_assigned
grp,grp_min_one_admin
grp,grp_missing_title
grp,grp_open
grp,grp_open_info
grp,grp_reg_code_value
grp,grp_reg_direct_info
grp,grp_reg_end
grp,grp_reg_limit_num
grp,grp_reg_limit_num_info
grp,grp_reg_limit_time
grp,grp_reg_period
grp,grp_reg_start
grp,grp_set_on_waiting_list
grp,grp_subscriber
grp,grp_type_changed_info
grp,grp_users_added
grp,grp_users_removed_from_list
ldap,ldap_group_dn_short
ldap,ldap_ilias_role_short
ldap,ldap_info_text_short
ldap,ldap_role_bind_pass_info
ldap,ldap_role_selection_info
ldap,ldap_scope_base
license,course_licenses_exceeded
link,link_edit_int_link
mail,advice_mail_body_secured
mail,also_as_email
mail,auto_update
mail,cron_update_addressbook
mail,cron_update_addressbook_desc
mail,mail_account_mail_check
mail,mail_add_to_addressbook
mail,mail_add_type
mail,mail_addr_entries
mail,mail_bc_not_valid
mail,mail_bc_search
mail,mail_byte
mail,mail_cc_not_valid
mail,mail_cc_search
mail,mail_check_your_email_addr
mail,mail_compose
mail,mail_edit_entry
mail,mail_email_forbidden
mail,mail_enter_login_or_email_addr
mail,mail_enter_valid_email_addr
mail,mail_enter_valid_login
mail,mail_entry_added
mail,mail_entry_changed
mail,mail_entry_exists
mail,mail_folder_edit
mail,mail_folder_name
mail,mail_folder_options
mail,mail_global_options
mail,mail_group_members
mail,mail_in_addressbook
mail,mail_intern
mail,mail_into_addressbook
mail,mail_members_added_addressbook
mail,mail_new_entry
mail,mail_new_file
mail,mail_no_attach_allowed
mail,mail_no_attachments_found
mail,mail_options_of
mail,mail_received_x_new_mails
mail,mail_recipient_not_valid
mail,mail_s_unread
mail,mail_select_only_one_entry
mail,mail_select_recipients
mail,mail_send_with_system_address
mail,mail_user_addr_n_valid
mail,search_bc_recipient
mail,search_cc_recipient
mail,system_notification_installation_signature
maps,maps_public_profile_info
maps,maps_use_custom_server
mass,mass_delete
mass,mass_edit_learning_progress
mass,mass_edit_members
mass,mass_edit_permissions
mass,mass_mess_notification_failed
mass,mass_read
mass,mass_read_learning_progress
mass,mass_subj_notification_failed
mass,mass_visible
mass,mass_write
mathjax,mathjax_server_cached
mathjax,mathjax_server_cached_info
mcst,mcst_conv_standard_to
mcst,mcst_conv_videoalternative_to
mcst,mcst_convert
mcst,mcst_entry
mcst,mcst_file_extension_settings
mcst,mcst_global_settings
mcst,mcst_purpose_standard
mcst,mcst_purpose_videoalternative
mcst,mcst_target
membership,mem_force_notification_mode_custom
mep,mep_clone
mep,mep_create
mep,mep_folder_content
mep,mep_page_created
mep,mep_parent_folder
meta,md_adv_add_value
meta,md_adv_placeholder_for
meta,md_adv_placeholders
meta,md_adv_substitution
meta,meta_c_TP
meta,meta_c_ZR
meta,meta_c_ZZ
meta,meta_choose_element
meta,meta_choose_language
meta,meta_choose_section
meta,meta_instructional_designer
meta,meta_local_file
meta,meta_mac_os
meta,meta_ms_windows
meta,meta_multi_os
meta,meta_none
meta,meta_pc_dos
meta,meta_reference
meta,meta_unix
news,finish_publishing_date
news,news_hide_news_until_date
news,news_hide_news_until_date_info
news,news_indefinite
news,news_related_to
news,news_subscribe
news,news_unsubscribe
news,priv_feed_no_access_body
news,priv_feed_no_access_title
news,priv_feed_no_auth_body
news,priv_feed_no_auth_title
news,show_news_end_date
note,note_by
note,note_comment_text
notes,notes_add_note
notes,notes_edit_comment
notes,notes_edit_note
notes,notes_label
notes,notes_private_annotating
notes,notes_public_commenting
orgu,edit_ext_id
orgu,lp_is_anonym
orgu,obj_orgu_duplicate
orgu,orgu_copy
orgu,orgu_edit
orgu,orgu_msg_info_paste
orgu,orgu_type_deleted
orgu,orgu_view_learning_progress_rec
orgu,ou_id_type_not_valid
pd,block_show_pdfrmpostdraft
pd,block_show_pdusers
pd,pd_enable_active_users
pd,pd_enable_global_profiles
pd,pd_enable_global_profiles_info
pd,pd_enable_mail_pdsysmess
pd,pd_min_one_admin
pd,pd_pdmail_include_sysnmess
pd,pd_pdmail_include_sysnmess_info
pd,pd_time_before_removal
pd,pd_time_before_removal_info
pdesk,pdesk_feedback_request
pdesk,pdesk_feedbacks
poll,poll_activation_limited_visibility_info
poll,poll_active_no_edit
poll,poll_add_answer
poll,poll_availability_limitless_info
poll,poll_availability_until_info
poll,poll_comments_info
poll,poll_edit_answer
poll,poll_info_delete_sure
poll,poll_participants
poll,poll_update_order
poll,poll_voting_period
poll,poll_voting_period_end
poll,poll_voting_period_start
poll,poll_voting_period_unlimited
prg,prg_async_create
prg,prg_in_progress_img_alt
prg,prg_remove_user_success
prg,prg_successful_img_alt
prg,prg_unmark_accredited_success
prg,prg_update_from_plan_successful
prg,prg_update_successful
prg,prg_view_tree
prg,prg_warning_img_alt
prtf,prtf_admin_inactive_info
prtf,prtf_admin_toggle_info
prtf,prtf_background_color
prtf,prtf_font_color
prtf,prtf_page_element_teaser_blog
prtf,prtf_page_element_teaser_my_courses_inactive
prtf,prtf_portfolio_default
prtf,prtf_portfolio_updated
prtt,prtt_availability_limitless_info
prtt,prtt_availability_until_info
ps,crs_ps_agreement_req_info
ps,crs_ps_required_info
ps,grp_ps_agreement_req_info
ps,grp_ps_required_info
ps,ps_account_security_mode
ps,ps_account_security_mode_customized
ps,ps_account_security_mode_default
ps,ps_btn_add_value
ps,ps_cdf_data_fields
ps,ps_cdf_deleted_field
ps,ps_cdf_no_fields
ps,ps_cdf_no_name_given
ps,ps_delete_export_files
ps,ps_edit_select_field
ps,ps_edit_text_field
ps,ps_name_field
ps,ps_new_select_field
ps,ps_new_text_field
pwassist,pwassist_update_error
rating,rating_average_rating
rating,rating_nr_users
rating,rating_overlay_title_overall
rbac,bdga_edit_permission
rbac,bdga_read
rbac,bdga_visible
rbac,bdga_write
rbac,bibs_copy
rbac,bibs_delete
rbac,catr_read
rbac,cld_permission
rbac,crsr_read
rbac,feed_visible
rbac,fld_create_poll
rbac,perm_administrate
rbac,perm_class_general
rbac,perm_class_general_desc
rbac,perm_class_rbac
rbac,perm_class_rbac_desc
rbac,perm_local_role_desc
rbac,perm_use_local_policy
rbac,poll_visible
rbac,precondition_obligatory_info
rbac,rbac_global_rolt
rbac,rbac_log_inheritance_rmv
rbac,rbac_log_operation_rmv
rbac,rbac_role_exists_alert
rbac,sess_edit_event
rbac,stys_sty_write_custom
rbac,stys_write
rcat,rcat_call
rcrs,rcrs_call
rcrs,rcrs_general_info
rcrs,rcrs_local_informations
registration,auth_radius_sync_info
registration,reg_activation_your_confirmation_link
registration,reg_confirmation_hash_not_passed
registration,reg_enable_access_limitations
registration,registration_code_no_role
rep,rep_visibility_limitless
rfil,rfil_call
rglo,rglo_call
rgrp,rgrp_call
rlm,rlm_call
rtst,rtst_call
rwik,rwik_call
sahs,sahs_insert_scenario
sahs,sahs_oa_no_chapters
sahs,sahs_objective
sahs,sahs_objective_alignment
sahs,sahs_properties
sahs,sahs_sco_final_message
scormdebug,debugwindow_password_enter
scormtrac,display_not_allowed
search,lucene_advances_settings_table
search,lucene_err_squigglet
search,lucene_offline_filter_setting
search,lucene_offline_filter_setting_info
search,search_added_new_folder
search,search_all_results
search,search_and
search,search_below
search,search_change
search,search_concatenation
search,search_dbk_content
search,search_dbk_meta
search,search_delete_sure
search,search_filter_date
search,search_filter_duration
search,search_group
search,search_hits
search,search_in_magazin
search,search_in_result
search,search_item_filter
search,search_lm_content
search,search_lm_meta
search,search_lucene_host
search,search_lucene_info
search,search_lucene_port
search,search_lucene_readme
search,search_meta
search,search_move_folder_not_allowed
search,search_move_to
search,search_my_search_results
search,search_new_folder
search,search_newer_than
search,search_no_category
search,search_no_results_saved
search,search_no_search_term
search,search_object_renamed
search,search_objects_deleted
search,search_objects_moved
search,search_one_action
search,search_or
search,search_page
search,search_page_next
search,search_page_prev
search,search_rename_title
search,search_results_saved
search,search_save_as_select
search,search_search_for
search,search_search_no_results_saved
search,search_search_results
search,search_search_term
search,search_select_exactly_one_object
search,search_select_folder
search,search_select_one
search,search_select_one_action
search,search_select_one_folder_select
search,search_select_one_result
search,search_select_one_select
search,search_show_result
search,search_user_simple
sess,sess_reg_min_members
sess,sess_reg_min_members_info
sess,sess_reg_waiting_list_info
skmg,skmg_cert_achievement_date
skmg,skmg_cert_achievement_datetime
skmg,skmg_certificate
skmg,skmg_choose_only_skill_categories_or_basic_skills
skmg,skmg_edit_sctp
skmg,skmg_insert_as_subitem
skmg,skmg_insert_basic_skill
skmg,skmg_insert_basic_skill_child
skmg,skmg_insert_basic_skill_from_clip_child
skmg,skmg_insert_basic_skill_template
skmg,skmg_insert_basic_skill_template_child
skmg,skmg_insert_on_same_level
skmg,skmg_insert_skill_category
skmg,skmg_insert_skill_category_child
skmg,skmg_insert_skill_category_from_clip_child
skmg,skmg_insert_skill_template_category
skmg,skmg_insert_skill_template_category_child
skmg,skmg_insert_skill_template_reference
skmg,skmg_insert_skill_template_reference_child
skmg,skmg_new_skill
skmg,skmg_new_skill_category
skmg,skmg_new_skill_template
skmg,skmg_new_skill_template_category
skmg,skmg_save_all_titles
skmg,skmg_skill_hierarchie
skmg,skmg_skill_template_category
skmg,skmg_update_self_evaluation
skmg,skmg_usage_type_info_seval
sop,sop_msg_push_tracking_failure
style,sty_border_collapse
style,sty_ca_cntr_class
style,sty_ca_icntr_class
style,sty_ca_icont_class
style,sty_ca_ihead_class
style,sty_caption_class
style,sty_caption_side
style,sty_col_foot_class
style,sty_col_head_class
style,sty_delete_color
style,sty_edit_media_query
style,sty_even_col_class
style,sty_even_row_class
style,sty_font_stretch
style,sty_ha_cntr_class
style,sty_ha_icntr_class
style,sty_ha_icont_class
style,sty_ha_ihcap_class
style,sty_ha_ihead_class
style,sty_ha_iheada_class
style,sty_individual_style
style,sty_lightness_border
style,sty_lightness_cell1_bg
style,sty_lightness_cell1_text
style,sty_lightness_cell2_bg
style,sty_lightness_cell2_text
style,sty_lightness_header_bg
style,sty_lightness_header_text
style,sty_list_style_image
style,sty_list_style_position
style,sty_list_style_type
style,sty_msg_characteristic_already_exists
style,sty_odd_col_class
style,sty_odd_row_class
style,sty_ol
style,sty_row_foot_class
style,sty_row_head_class
style,sty_save_standard_styles
style,sty_standard_style
style,sty_table
style,sty_table_cell_char
style,sty_table_class
style,sty_type_media
style,sty_type_page
style,sty_type_page_nav
style,sty_type_rte_drag
style,sty_type_rte_menu
style,sty_type_rte_mlink
style,sty_type_rte_node
style,sty_type_rte_status
style,sty_type_rte_tclink
style,sty_type_rte_texp
style,sty_type_rte_tli
style,sty_type_rte_tlink
style,sty_type_rte_tree
style,sty_type_rte_tul
style,sty_type_sco
style,sty_type_sco_desc
style,sty_type_sco_desct
style,sty_type_sco_fmess
style,sty_type_sco_keyw
style,sty_type_sco_obj
style,sty_type_sco_objt
style,sty_type_sco_title
style,sty_type_table
style,sty_type_table_caption
style,sty_type_table_cell
style,sty_ul
style,sty_va_cntr_class
style,sty_va_icntr_class
style,sty_va_icont_class
style,sty_va_ihcap_class
style,sty_va_ihead_class
style,sty_va_iheada_class
style,style_move_style_into
style,sub_style_settings
style,system_styel_activation
survey,add_category
survey,add_limits_for_standard_numbers
survey,add_phrase_introduction
survey,add_standard_numbers
survey,adm_no_users_found
survey,adm_remove_select_user
survey,adm_removed_users
survey,adm_search_select_user
survey,adm_search_string_too_small
survey,adm_special_users
survey,anonymize_registered_user
survey,anonymize_resume_introduction
survey,anonymous_with_personalized_survey
survey,ask_insert_questionblocks
survey,ask_insert_questions
survey,cannot_create_survey_codes
survey,cannot_edit_survey
survey,cannot_export_questionpool
survey,cannot_export_survey
survey,cannot_maintain_survey
survey,category_delete_confirm
survey,category_delete_select_none
survey,check_category_to_save_phrase
survey,create_questionpool_before_add_question
survey,duplicate_svy
survey,edit_ask_continue
survey,edit_constraints_introduction
survey,enter_questionblock_title
survey,enter_value
survey,err_no_selection
survey,error_add_heading
survey,exit
survey,export_data_as
survey,external_mails_import
survey,external_recipients_deleted
survey,externalRecipients
survey,fill_out_all_category_fields
survey,fill_out_all_required_fields_add_category
survey,fill_out_all_required_fields_delete_category
survey,fill_out_all_required_fields_move_category
survey,fill_out_all_required_fields_save_phrase
survey,form_data_modified_press_save
survey,found_questions
survey,found_users
survey,import_error_survey_no_proper_values
survey,import_error_survey_no_properties
survey,import_from_dataset
survey,info_anonymize_registered_user
survey,info_anonymize_with_code
survey,info_anonymize_without_code
survey,introduction_manage_phrases
survey,invited_groups
survey,label_resume_survey
survey,mail_import_example1
survey,matrix_column_delete_select_none
survey,matrix_columns_rows
survey,matrix_error_no_columns
survey,matrix_error_no_rows
survey,matrix_row_delete_select_none
survey,matrix_subtype_date
survey,matrix_subtype_description
survey,matrix_subtype_double
survey,matrix_subtype_integer
survey,matrix_subtype_text
survey,matrix_subtype_time
survey,message_mail_survey_id
survey,missing_upper_or_lower_limit
survey,multiple_choice_multiple_response
survey,multiple_choice_single_response
survey,multiple_choice_subtype_description
survey,no_available_constraints
survey,no_category_selected_for_deleting
survey,no_category_selected_for_move
survey,no_constraints_checked
survey,no_questionblocks_available
survey,no_search_results
survey,no_user_phrases_defined
survey,nominal_question_not_checked
survey,on_additional
survey,other_answer_desc
survey,participating_users
survey,percentage_of_entered_values
survey,percentage_of_offered_answers
survey,please_enter_mail_message
survey,please_enter_mail_subject
survey,qpl_past_questions_confirmation
survey,qpl_questions_pasted
survey,question_contains_no_categories
survey,question_has_constraints
survey,question_icon
survey,questionblock_has_constraints
survey,questionblock_icon
survey,ratio_scale_ge_zero
survey,save_back_to_survey
survey,save_phrase_categories_not_checked
survey,search_field_all
survey,search_invitation
survey,search_questions
survey,search_type_all
survey,select_phrase_to_add
survey,select_svy_option
survey,select_target_position_for_move
survey,specialusers
survey,spl_general_properties
survey,spl_select_file_for_import
survey,subject_mail_survey_id
survey,survey_360_rater_code_mail_on_demand
survey,survey_360_title
survey,survey_code_message_sent
survey,survey_code_no_codes
survey,survey_default_mode
survey,survey_default_mode_info
survey,survey_dnd_double_click_to_delete
survey,survey_mode
survey,survey_notification_settings
survey,survey_offline_message
survey,survey_online_warning
survey,survey_question_optional
survey,survey_selected_user_data_deleted
survey,survey_skip_finish
survey,survey_skip_next
survey,survey_skip_previous
survey,survey_skip_start
survey,survey_text_textheight_desc
survey,survey_text_textwidth_desc
survey,survey_use_pool
survey,survey_write_skills
survey,svy_availability_limitless_info
survey,svy_availability_until_info
survey,svy_create_export_file
survey,svy_file
survey,svy_maintenance_information_no_results
survey,svy_missing_author
survey,svy_missing_questions
survey,svy_missing_title
survey,svy_presentation_properties
survey,svy_select_file_for_import
survey,svy_select_questionpools
survey,svy_select_surveys
survey,svy_size
survey,svy_statistical_evaluation
survey,svy_status_missing
survey,svy_status_missing_elements
survey,svy_status_ok
survey,table_fields
survey,tablefields
survey,tablefields_info
survey,text_resume_survey
survey,title_resume_survey
survey,use_google_chart_api
survey,use_google_chart_api_desc
survey,value_nr_entered
survey,view_constraints_introduction
survey,view_phrase
survey,warning_question_in_use
survey,wrong_categories_selected_for_insert
sysc,sysc_task_tree_missing
sysc,sysc_task_tree_missing_desc
tax,tax_delete_taxonomy
tax,tax_sorting
trac,found_objects
trac,found_too_much_objects
trac,info_all_objects
trac,info_dwell_time
trac,info_found_objects
trac,newUT_settings
trac,stats_access
trac,stats_accesses
trac,stats_all
trac,stats_chapter
trac,stats_chapter_average_page_number
trac,stats_chapter_depth_coverage
trac,stats_chapter_fewest_access
trac,stats_chapter_listing
trac,stats_chapter_longest_total_dwell_time_depth
trac,stats_chapter_most_access_depth
trac,stats_chapter_most_pages
trac,stats_chapter_number
trac,stats_chapter_statisics
trac,stats_chapter_stubbiest_total_dwell_time
trac,stats_chapter_top
trac,stats_chapter_total_statistic
trac,stats_choice
trac,stats_current
trac,stats_depth
trac,stats_duration
trac,stats_equivalent
trac,stats_hits
trac,stats_hour
trac,stats_interval
trac,stats_interval_dwell_time
trac,stats_interval_page_access
trac,stats_last
trac,stats_legend
trac,stats_measurable_hits
trac,stats_minute
trac,stats_navigation
trac,stats_new_selection
trac,stats_occurrence
trac,stats_of
trac,stats_page
trac,stats_page_average_access
trac,stats_page_average_dwell_time
trac,stats_page_deviation_access
trac,stats_page_deviation_dwell_time
trac,stats_page_fewest_access
trac,stats_page_highest_deviation
trac,stats_page_highest_varcoeff
trac,stats_page_least_deviation
trac,stats_page_listing
trac,stats_page_longest_average_dwell_time
trac,stats_page_longest_total_dwell_time
trac,stats_page_lowest_varcoeff
trac,stats_page_median_access
trac,stats_page_median_dwell_time
trac,stats_page_mode_access
trac,stats_page_most_access
trac,stats_page_number
trac,stats_page_number_access
trac,stats_page_range_access
trac,stats_page_range_dwell_time
trac,stats_page_stubbiest_average_dwell_time
trac,stats_page_stubbiest_total_dwell_time
trac,stats_page_total_dwell_time
trac,stats_page_total_statistic
trac,stats_page_varcoeff_access
trac,stats_page_varcoeff_dwell_time
trac,stats_page_variance_access
trac,stats_page_variance_dwell_time
trac,stats_pages
trac,stats_pages_statisics
trac,stats_sec
trac,stats_sel_lng
trac,stats_session
trac,stats_session_average_length
trac,stats_session_average_page_access
trac,stats_session_evaluable
trac,stats_session_evaluable_access
trac,stats_session_evaluable_usr
trac,stats_session_involved_usr
trac,stats_session_listing
trac,stats_session_longest
trac,stats_session_longest_total_duration_usr
trac,stats_session_most
trac,stats_session_number
trac,stats_session_total_duration
trac,stats_session_total_statistic
trac,stats_sessions
trac,stats_sessions_statisics
trac,stats_start
trac,stats_summation
trac,stats_tracked_user
trac,stats_until
trac,stats_user
trac,stats_user_selected
trac,stats_with
trac,total_dwell_time
trac,trac_activated
trac,trac_active_both
trac,trac_active_lp_only
trac,trac_active_ut_only
trac,trac_added_no_shown_list
trac,trac_assignments
trac,trac_below
trac,trac_comments
trac,trac_crs_assignments
trac,trac_crs_items
trac,trac_crs_members
trac,trac_crs_releavant_items
trac,trac_crs_relevant_items
trac,trac_edit_progress
trac,trac_edit_time
trac,trac_edit_visits
trac,trac_edited_scos
trac,trac_editing_time_passed
trac,trac_filter_limit_reached
trac,trac_filter_no_access
trac,trac_filter_none
trac,trac_filter_repository
trac,trac_fold_relevant_items
trac,trac_group_materials_num
trac,trac_grp_relevant_items
trac,trac_head_timing
trac,trac_inactive_both
trac,trac_learners
trac,trac_learners_back
trac,trac_learning_progress_objects_description
trac,trac_learning_progress_tbl_header
trac,trac_lm_statistics
trac,trac_lp_on_personal_desktop
trac,trac_lp_on_personal_desktop_info
trac,trac_lp_settings_info_parent_group
trac,trac_lp_settings_info_parent_usage
trac,trac_marks
trac,trac_mode_deactivated_info
trac,trac_mode_scorm_aicc
trac,trac_mode_study_programme_info
trac,trac_modifications_saved
trac,trac_modus
trac,trac_no_content
trac,trac_no_sahs_items_found
trac,trac_num_visits
trac,trac_occurrences
trac,trac_processing_time
trac,trac_query
trac,trac_reached_objectives
trac,trac_reached_points
trac,trac_reached_visits
trac,trac_select_one
trac,trac_show
trac,trac_show_hidden
trac,trac_user_activities
trac,trac_user_objects
trac,trac_usr_list
trac,tracking_time_span_not_valid
trac,vm_access_of_users
trac,vm_days_of_period
trac,vm_times_of_day
user,tos_accepted_content
user,user_account_codes
user,user_account_export_codes_no_data
user,user_account_used
user,user_add_page
user,user_delete_own_account_password_confirmation
user,user_ext_profile
user,user_ext_profiles
user,user_ext_profiles_desc
user,user_new_profile_page
user,user_selected_pages_deleted
user,user_sure_delete_pages
user,usr_link_to_profile
user,usr_public_profile_global_info
user,usr_public_profile_logged_in_info
webr,webr_imort
wfe,definition_table_title
wiki,wiki_activate_sideblock_rating
wiki,wiki_add_page_properties
wiki,wiki_adv_md_hidden
wiki,wiki_amd_page_list_no_hits
wiki,wiki_article
wiki,wiki_change_notification_body_new
wiki,wiki_change_notification_page_body_comment
wiki,wiki_change_notification_page_body_delete
wiki,wiki_discussion
wiki,wiki_edit
wiki,wiki_edit_notification
wiki,wiki_edit_notification_info
wiki,wiki_history
wiki,wiki_link
wiki,wiki_main_page
wiki,wiki_media_list
wiki,wiki_msg_short_name_regexp
wiki,wiki_notification_toggle_info
wiki,wiki_notification_toggle_page_activate
wiki,wiki_notification_toggle_page_deactivate
wiki,wiki_notification_toggle_wiki_activate
wiki,wiki_notification_toggle_wiki_deactivate
wiki,wiki_random_page
wiki,wiki_short_title
wiki,wiki_short_title_desc2
wiki,wiki_start_page_title
wsp,wsp_navigation_folders
wsp,wsp_navigation_resource
wsp,wsp_permission_add_users
wsp,wsp_remove_permission
wsp,wsp_root_folder
wsp,wsp_share_select_user
